役職,陣営,狼判定,能力,能力ラベル,偽装先,初期枚数,票の重み,画像,説明
人狼,人狼陣営,TRUE,,,,1,1,wolf.webp,能力なし。処刑されると人狼陣営の負け
白狼,人狼陣営,TRUE,,,村人,0,1,white-werewolf.webp,人狼だが本人に自覚がない。自分のカードには村人と表示される。占い師には白狼として見える
狂人,人狼陣営,FALSE,,,,0,1,madman.webp,能力なし。仲間も分からない。処刑されても村人は勝てない
暗殺者,人狼陣営,FALSE,assassinate,暗殺する,,0,1,assassin.webp,議論中に1人を暗殺できる。暗殺された人は発言も投票もできず処刑先にも選べない。ただし暗殺した相手が狼だと村人陣営の勝ちになる。仲間は分からない
村人,村人陣営,FALSE,,,,2,1,villager.webp,能力なし
占い師,村人陣営,FALSE,fortune,占う,,1,1,seer.webp,1人の役職か、中央の余りカードをすべて見られる
付き人,村人陣営,FALSE,follow,この人に付く,,0,1,follower.webp,1人の役職を見て、自分もその役職になる。陣営もその役職に従う
てるてる,単独陣営,FALSE,,,,0,1,teruteru.webp,処刑か暗殺で退場すると本人だけの勝ち。他の全員が負けになる。占い師には「てるてる」と見える
啓蒙家,村人陣営,FALSE,,,,0,2,keimouka.webp,能力なし。ただし自分の投票が2票ぶんとして数えられる
